date,close,volume
2025-02-13,36.0,369100.0
2025-02-14,36.650001525878906,242700.0
2025-02-18,47.150001525878906,444500.0
2025-02-19,46.0,220700.0
2025-02-20,48.2599983215332,446200.0
2025-02-21,50.369998931884766,1252100.0
2025-02-24,48.599998474121094,33848500.0
2025-02-25,48.15999984741211,8198900.0
2025-02-26,46.58000183105469,8389000.0
2025-02-27,45.15999984741211,9676100.0
2025-02-28,46.849998474121094,7713800.0
2025-03-03,50.310001373291016,4813000.0
2025-03-04,48.689998626708984,6074700.0
2025-03-05,48.470001220703125,5071800.0
2025-03-06,46.5,4157300.0
2025-03-07,51.0,7825500.0
2025-03-10,53.0,5223800.0
2025-03-11,52.15999984741211,3153400.0
2025-03-12,50.439998626708984,2177500.0
2025-03-13,48.439998626708984,3547400.0
2025-03-14,54.81999969482422,4847600.0
2025-03-17,55.650001525878906,2930700.0
2025-03-18,56.41999816894531,2587300.0
2025-03-19,56.33000183105469,2520700.0
2025-03-20,56.209999084472656,2701900.0
2025-03-21,53.959999084472656,6372200.0
2025-03-24,52.9900016784668,3562800.0
2025-03-25,52.20000076293945,3079000.0
2025-03-26,52.619998931884766,1242400.0
2025-03-27,52.880001068115234,1618100.0
2025-03-28,48.970001220703125,3987300.0
2025-03-31,47.61000061035156,2113400.0
2025-04-01,48.11000061035156,2115600.0
2025-04-02,47.66999816894531,1725300.0
2025-04-03,38.2599983215332,7372000.0
2025-04-04,30.110000610351562,11428600.0
2025-04-07,31.479999542236328,6238600.0
2025-04-08,32.349998474121094,5979600.0
2025-04-09,36.58000183105469,5601600.0
2025-04-10,31.075000762939453,4153400.0
2025-04-11,31.969999313354492,4856000.0
2025-04-14,33.54999923706055,4102300.0
2025-04-15,33.22999954223633,1936800.0
2025-04-16,32.029998779296875,2321000.0
2025-04-17,31.290000915527344,2057200.0
2025-04-21,29.809999465942383,2579400.0
2025-04-22,29.6200008392334,2883700.0
2025-04-23,30.360000610351562,2750200.0
2025-04-24,32.290000915527344,2590500.0
2025-04-25,32.849998474121094,1322100.0
2025-04-28,32.27000045776367,1421000.0
2025-04-29,32.939998626708984,1385900.0
2025-04-30,32.11000061035156,2322100.0
2025-05-01,32.59000015258789,1910200.0
2025-05-02,34.400001525878906,2193700.0
2025-05-05,34.61000061035156,1993800.0
2025-05-06,33.83000183105469,1707600.0
2025-05-07,34.970001220703125,3640000.0
2025-05-08,36.65999984741211,4969000.0
2025-05-09,37.7400016784668,2039200.0
2025-05-12,41.27000045776367,5374400.0
2025-05-13,42.0,2186700.0
2025-05-14,41.93000030517578,1828400.0
2025-05-15,40.540000915527344,1930800.0
2025-05-16,40.439998626708984,2132500.0
2025-05-19,38.779998779296875,1765400.0
2025-05-20,40.18000030517578,1756400.0
2025-05-21,38.599998474121094,1816200.0
2025-05-22,37.84000015258789,1764900.0
2025-05-23,37.279998779296875,1232900.0
2025-05-27,38.18000030517578,1411000.0
2025-05-28,38.58000183105469,1055800.0
2025-05-29,38.599998474121094,1501900.0
2025-05-30,37.689998626708984,5499600.0
2025-06-02,37.33000183105469,1621000.0
2025-06-03,38.63999938964844,1294000.0
2025-06-04,39.81999969482422,1860500.0
2025-06-05,39.119998931884766,5456000.0
2025-06-06,39.150001525878906,10955500.0
2025-06-09,41.81999969482422,10990300.0
2025-06-10,41.59000015258789,4056300.0
2025-06-11,40.22999954223633,3891800.0
2025-06-12,41.29999923706055,2052000.0
2025-06-13,42.5,2755900.0
2025-06-16,44.209999084472656,2901800.0
2025-06-17,44.09000015258789,2914900.0
2025-06-18,46.619998931884766,3351400.0
2025-06-20,46.58000183105469,4762700.0
2025-06-23,46.95000076293945,1791600.0
2025-06-24,47.34000015258789,1740600.0
2025-06-25,47.25,2357900.0
2025-06-26,47.439998626708984,3449600.0
2025-06-27,47.150001525878906,3624000.0
2025-06-30,45.349998474121094,3034600.0
2025-07-01,44.959999084472656,2893400.0
2025-07-02,46.209999084472656,3509400.0
2025-07-03,46.40999984741211,1441600.0
2025-07-07,45.220001220703125,2446100.0
2025-07-08,46.16999816894531,2347200.0
2025-07-09,46.20000076293945,1575100.0
2025-07-10,46.95000076293945,1734300.0
2025-07-11,46.09000015258789,1242000.0
2025-07-14,42.47999954223633,5486900.0
2025-07-15,42.720001220703125,2398200.0
2025-07-16,41.36000061035156,2338400.0
2025-07-17,41.52000045776367,2290100.0
2025-07-18,42.189998626708984,1678600.0
2025-07-21,41.61000061035156,2174200.0
2025-07-22,41.36000061035156,1846700.0
2025-07-23,43.0,2220800.0
2025-07-24,42.060001373291016,1347100.0
2025-07-25,42.47999954223633,869200.0
2025-07-28,41.88999938964844,851300.0
2025-07-29,42.93000030517578,1202600.0
2025-07-30,43.38999938964844,1334800.0
2025-07-31,42.91999816894531,1849200.0
2025-08-01,41.33000183105469,1661800.0
2025-08-04,42.5099983215332,1540000.0
2025-08-05,41.93000030517578,1422900.0
2025-08-06,42.099998474121094,1553800.0
2025-08-07,40.689998626708984,2207200.0
2025-08-08,44.34000015258789,3516500.0
2025-08-11,43.369998931884766,3095000.0
2025-08-12,46.83000183105469,3204500.0
2025-08-13,47.0099983215332,2348500.0
2025-08-14,46.68000030517578,3549300.0
2025-08-15,44.540000915527344,7519200.0
2025-08-18,45.52000045776367,2541700.0
2025-08-19,44.58000183105469,2372900.0
2025-08-20,44.400001525878906,1526800.0
2025-08-21,45.5,1802300.0
2025-08-22,46.369998931884766,2208300.0
2025-08-25,46.779998779296875,1318100.0
2025-08-26,47.349998474121094,2577800.0
2025-08-27,48.439998626708984,2145100.0
2025-08-28,50.869998931884766,2919400.0
2025-08-29,52.470001220703125,4228000.0
2025-09-02,51.06999969482422,2023400.0
2025-09-03,53.0099983215332,1689700.0
2025-09-04,62.5,10189000.0
2025-09-05,68.55000305175781,9050000.0
2025-09-08,70.49500274658203,5869100.0
2025-09-09,70.51000213623047,3364300.0
2025-09-10,73.91999816894531,4053000.0
2025-09-11,84.30000305175781,10167400.0
2025-09-12,86.12999725341797,5641700.0
2025-09-15,90.08999633789062,8981300.0
2025-09-16,91.55000305175781,6292100.0
2025-09-17,93.97000122070312,7031000.0
2025-09-18,98.87000274658203,9441900.0
2025-09-19,102.20999908447266,6459900.0
2025-09-22,102.91999816894531,7692200.0
2025-09-23,106.4000015258789,7835000.0
2025-09-24,99.83000183105469,12409300.0
2025-09-25,94.29000091552734,10569300.0
2025-09-26,97.12000274658203,6418000.0
2025-09-29,113.5,12435400.0
2025-09-30,112.19999694824219,11414800.0
2025-10-01,121.12000274658203,12237400.0
2025-10-02,124.13999938964844,9453400.0
2025-10-03,128.41000366210938,10193700.0
2025-10-06,121.16999816894531,9963900.0
2025-10-07,120.94999694824219,6594600.0
2025-10-08,131.8800048828125,7173400.0
2025-10-09,129.67999267578125,3561500.0
2025-10-10,116.91000366210938,7860200.0
2025-10-13,134.61000061035156,8297300.0
2025-10-14,127.29000091552734,7078600.0
2025-10-15,144.3000030517578,8971100.0
2025-10-16,144.27000427246094,6289600.0
2025-10-17,140.16000366210938,8279800.0
2025-10-20,148.0399932861328,6626100.0
2025-10-21,149.2899932861328,4177900.0
2025-10-22,146.9499969482422,7516800.0
2025-10-23,167.0500030517578,9011400.0
2025-10-24,186.16000366210938,10653100.0
2025-10-27,176.49000549316406,11235500.0
2025-10-28,175.52999877929688,9140800.0
2025-10-29,204.36000061035156,9365000.0
2025-10-30,195.82000732421875,7341500.0
2025-10-31,199.3300018310547,6920700.0
2025-11-03,207.00999450683594,10626000.0
2025-11-04,194.57000732421875,9800800.0
2025-11-05,216.5,10336300.0
2025-11-06,207.69000244140625,10402700.0
2025-11-07,239.47999572753906,20552100.0
2025-11-10,267.95001220703125,15276400.0
2025-11-11,271.5799865722656,12180900.0
2025-11-12,283.1000061035156,13730300.0
2025-11-13,243.57000732421875,23274900.0
2025-11-14,254.16000366210938,19464400.0
2025-11-17,265.8800048828125,14211500.0
2025-11-18,244.92999267578125,16433900.0
2025-11-19,245.9600067138672,12005800.0
2025-11-20,195.9600067138672,26590900.0
2025-11-21,200.27000427246094,20061000.0
2025-11-24,226.9600067138672,13798900.0
2025-11-25,220.5,14680600.0
2025-11-26,215.0399932861328,43000900.0
2025-11-28,223.27999877929688,13367500.0
2025-12-01,210.1699981689453,10280900.0
2025-12-02,205.35000610351562,11095800.0
2025-12-03,194.3800048828125,9868200.0
2025-12-04,213.30999755859375,12166500.0
2025-12-05,228.47000122070312,8451300.0
2025-12-08,225.47000122070312,8710000.0
2025-12-09,219.4600067138672,6299000.0
2025-12-10,232.86000061035156,6090400.0
2025-12-11,241.61000061035156,7622500.0
2025-12-12,206.17999267578125,12083200.0
2025-12-15,201.8699951171875,6265000.0
2025-12-16,209.30999755859375,6638400.0
2025-12-17,206.8300018310547,8232300.0
2025-12-18,219.4600067138672,9924100.0
2025-12-19,237.61000061035156,10925000.0
2025-12-22,241.0500030517578,8663400.0
2025-12-23,244.89999389648438,5305700.0
2025-12-24,250.0800018310547,5642600.0
2025-12-26,250.0500030517578,5553700.0
2025-12-29,244.25,5706200.0
2025-12-30,240.22000122070312,6617000.0
2025-12-31,237.3800048828125,4180400.0
2026-01-02,275.239990234375,11104300.0
2026-01-05,274.0799865722656,9812600.0
2026-01-06,349.6300048828125,24249700.0
2026-01-07,353.55999755859375,14886100.0
2026-01-08,334.5400085449219,21404400.0
2026-01-09,377.4100036621094,19353200.0
2026-01-12,389.2699890136719,14603900.0
2026-01-13,389.80999755859375,10818600.0
2026-01-14,387.80999755859375,10862500.0
2026-01-15,409.239990234375,14146600.0
2026-01-16,413.6199951171875,15703000.0
2026-01-20,453.1199951171875,17872400.0
2026-01-21,501.2900085449219,21365000.0
2026-01-22,503.44000244140625,20607500.0
2026-01-23,473.8299865722656,21061100.0
2026-01-26,470.79998779296875,13435200.0
2026-01-27,481.42999267578125,14015600.0
2026-01-28,527.6300048828125,16486300.0
2026-01-29,539.2999877929688,23010300.0
2026-01-30,576.25,40932100.0
2026-02-02,665.239990234375,28765800.0
2026-02-03,695.510009765625,31213200.0
2026-02-04,584.5499877929688,29007600.0
2026-02-05,576.2000122070312,27725500.0
2026-02-06,597.9500122070312,21327300.0
2026-02-09,583.4000244140625,15290700.0
2026-02-10,541.6400146484375,15904000.0
2026-02-11,599.3400268554688,20472700.0
2026-02-12,630.2899780273438,23321100.0
2026-02-13,626.5599975585938,23640400.0
2026-02-17,590.5900268554688,19143200.0
2026-02-18,600.4000244140625,25097600.0
2026-02-19,621.0900268554688,19601600.0
2026-02-20,649.969970703125,17001000.0
2026-02-23,666.489990234375,18569400.0
2026-02-24,638.52001953125,30408300.0
2026-02-25,632.3800048828125,18561500.0
2026-02-26,651.9000244140625,23672700.0
2026-02-27,635.3599853515625,18208200.0
2026-03-02,619.0800170898438,17519900.0
2026-03-03,565.4099731445312,20533500.0
2026-03-04,599.0599975585938,15614300.0
2026-03-05,565.5900268554688,15433600.0
2026-03-06,527.3300170898438,16108900.0
2026-03-09,588.72998046875,21205500.0
2026-03-10,618.8900146484375,18133200.0
2026-03-11,655.4299926757812,15815800.0
2026-03-12,618.8200073242188,17284100.0
2026-03-13,661.6199951171875,18806900.0
2026-03-16,703.6300048828125,19406300.0
2026-03-17,720.1699829101562,14782100.0
2026-03-18,753.6900024414062,20663100.0
2026-03-19,772.0900268554688,21266400.0
2026-03-20,709.7100219726562,23508600.0
2026-03-23,702.489990234375,22925100.0
2026-03-24,702.47998046875,14536300.0
2026-03-25,677.8599853515625,20618700.0
2026-03-26,603.1699829101562,19023800.0
2026-03-27,615.8300170898438,16684200.0
2026-03-30,572.5,20501200.0
2026-03-31,635.3400268554688,20685000.0
2026-04-01,692.72998046875,22322700.0
2026-04-02,701.5900268554688,17443900.0
2026-04-06,724.6300048828125,12773700.0
2026-04-07,710.7999877929688,14406500.0
2026-04-08,780.9000244140625,16898900.0
2026-04-09,851.5700073242188,17233600.0
2026-04-10,851.77001953125,13343800.0
2026-04-13,952.5,20234400.0
2026-04-14,944.4600219726562,19821500.0
2026-04-15,891.719970703125,16269600.0
2026-04-16,919.469970703125,13851900.0
2026-04-17,920.989990234375,25655700.0
2026-04-20,913.02001953125,11303500.0
2026-04-21,903.489990234375,10245900.0
2026-04-22,979.0700073242188,15497400.0
2026-04-23,932.4299926757812,12272600.0
2026-04-24,989.9000244140625,11642800.0
2026-04-27,1070.199951171875,13005000.0
2026-04-28,1002.3499755859375,14119000.0
2026-04-29,1064.2099609375,11350200.0
2026-04-30,1096.510009765625,15088300.0
2026-05-01,1187.0,23126800.0
2026-05-04,1255.8599853515625,17853000.0
2026-05-05,1406.3199462890625,20668200.0
2026-05-06,1409.97998046875,21114100.0
2026-05-07,1339.9599609375,16243300.0
2026-05-08,1562.3399658203125,20567600.0
2026-05-11,1547.56005859375,16516800.0
2026-05-12,1452.02001953125,17138500.0
2026-05-13,1447.22998046875,11618700.0
2026-05-14,1382.719970703125,11213600.0
2026-05-15,1407.6099853515625,14011300.0
2026-05-18,1333.010009765625,13904400.0
2026-05-19,1383.2900390625,13309300.0
2026-05-20,1392.56005859375,9141200.0
2026-05-21,1542.239990234375,13746100.0
2026-05-22,1478.68994140625,9657100.0
2026-05-26,1589.550048828125,12919700.0
2026-05-27,1589.93994140625,10394200.0
2026-05-28,1641.6400146484375,10004100.0
2026-05-29,1694.97998046875,8751100.0
2026-06-01,1761.4300537109375,9681700.0
2026-06-02,1716.3599853515625,7093300.0
2026-06-03,1831.5,11884700.0
2026-06-04,1759.6800537109375,10518500.0
2026-06-05,1559.3199462890625,13289000.0
2026-06-08,1642.0,8189300.0
2026-06-09,1646.5400390625,16221600.0
2026-06-10,1643.22998046875,10362000.0
2026-06-11,1881.510009765625,13759400.0
2026-06-12,1980.0999755859375,11926100.0
2026-06-15,2107.860107421875,9156400.0
2026-06-16,1991.550048828125,9588500.0
2026-06-17,1958.800048828125,9182500.0
2026-06-18,2184.75,12178300.0
2026-06-22,2273.72998046875,9977600.0
2026-06-23,1963.5999755859375,12868300.0
2026-06-24,1914.4599609375,10421300.0
2026-06-25,2335.0,15030200.0
2026-06-26,2090.7099609375,16867100.0
2026-06-29,2050.389892578125,11251000.0
2026-06-30,2273.72998046875,11454300.0
2026-07-01,2032.219970703125,11056500.0
2026-07-02,1745.0,17259300.0
2026-07-06,1744.4300537109375,9164200.0
2026-07-07,1617.699951171875,14530800.0
2026-07-08,1727.1800537109375,12048600.0
2026-07-09,1858.27001953125,13359300.0
2026-07-10,1915.9200439453125,11022700.0
2026-07-13,1673.969970703125,13900700.0
2026-07-14,1757.8199462890625,9630900.0
2026-07-15,1615.0,19082600.0
2026-07-16,1411.0799560546875,17449900.0
2026-07-17,1354.8199462890625,19810900.0
2026-07-20,1390.949951171875,12572000.0
2026-07-21,1589.4000244140625,14295900.0
2026-07-22,1599.27001953125,10539100.0
2026-07-23,1610.3299560546875,12756900.0
2026-07-24,1436.56005859375,14081100.0
2026-07-27,1278.22998046875,21275600.0
2026-07-28,1096.0999755859375,26627200.0
2026-07-29,1015.8900146484375,24491100.0
2026-07-30,1279.9599609375,24398700.0
2026-07-31,1214.8299560546875,21176600.0
2026-08-03,1288.030029296875,14759300.0
2026-08-04,1427.6199951171875,14685300.0
2026-08-05,1350.5,16369800.0
2026-08-06,1258.5799560546875,19161700.0
2026-08-07,1212.2099609375,13953700.0
2026-08-10,1237.9200439453125,10870900.0
2026-08-11,1271.050048828125,9412800.0
2026-08-12,1344.2900390625,11965000.0
